Date,Total_Spending,Transaction_Count,Average_Transaction,Month
2023-01-01,2345228.21,5444,430.7913684790595,Jan 2023
2023-02-01,2148030.95,4854,442.52800782859504,Feb 2023
2023-03-01,2396963.31,5456,439.3261198680352,Mar 2023
2023-04-01,2289731.3,5091,449.7606167747004,Apr 2023
2023-05-01,2460816.56,5493,447.9913635536137,May 2023
2023-06-01,2254592.41,5258,428.792774819323,Jun 2023
2023-07-01,2475041.53,5458,453.47041590326126,Jul 2023
2023-08-01,2391450.2,5399,442.94317466197447,Aug 2023
2023-09-01,2274245.66,5153,441.34400543372794,Sep 2023
2023-10-01,1069861.84,2394,446.89299916457816,Oct 2023
